alpha,volatility
0.1,0.022318326785940368
0.3,0.010574170051405998
0.6,0.016721058141232908
1.0,0.025752959748246488
