alpha,volatility
0.1,0.054143003518067404
0.3,0.0902228376034961
0.6,0.14087609764032905
1.0,0.20269874779500038
