alpha,volatility
0.1,0.054236470108136245
0.3,0.09024112968380998
0.6,0.14105253135283097
1.0,0.2029120860743361
